186572,2017有什么好看的小说,"['1.《将夜》2.《择天记》3.《冒牌大英雄》4.《无限恐怖》5.《恐怖搞校》6.《大国医》7.《龙魔导》。', '《大唐悬疑录：长恨歌密码》、《风雪追击》、《草原动物园》、《有匪2：离恨楼》。', '我们住在一起、月都花落，沧海花开、天定风华、寻找爱情的邹小姐、应许之日、星光的彼端、他来了，请闭眼。']"
186573,截至和截止区别,"['“截止”与“截至”的区别：一、名次解释：“截止”表示到某个时间停止，强调“停止”；“截至”表示停止于某个时间，强调“时间”。', '截止：某期限停止；截至：停止于某期限．', '截止:……止明确终止、结束含义表间点语词般其前面，截至：某间点没明确终止、结束含义延续延续表间点语词般其面。']"
181574,爬行垫什么材质的好,"['爬行垫根据中间材料的不同可以分为:XPE爬行垫、EPE爬行垫、EVA爬行垫、PVC爬行垫；其中XPE爬行垫、EPE爬行垫都属于PE材料加保鲜膜复合而成，都是无异味的环保材料，但是XPE爬行垫是品质较好的爬行垫，韩国进口爬行垫都是这种爬行垫，而EPE爬行垫是国内厂家为了减低成本，使用EPE作为原料生产的一款爬行垫，该材料弹性差，易碎，开孔发泡防水性弱。EVA爬行垫、PVC爬行垫是用EVA或PVC作为原材料与保鲜膜复合的而成的爬行垫，或者把图案转印在原材料上，这两款爬行垫通常有异味，如果是图案转印的爬行垫，油墨外露容易脱落。', '爬行垫一般色彩鲜艳，能吸引宝宝的注意力，当宝宝刚会爬的时候，趴在上面玩，相对比较安全，不存在从床上摔下来的危险。对宝宝的爬行还是很有好处的。还有就是妈妈选择爬行垫时可以选择无害的PE棉，既防潮又隔冷隔热。外有要有一层塑料膜，能隔绝液体进入垫子内部，而且方便清洗。宝宝每次爬行，一定要记得把宝宝的手擦干净。', '棉的不好吧，吸灰尘，容易有螨虫，爬行垫好多种，PVC的比较好一些，选择环保一些的，容易擦洗的，弹性好的，不要选太厚的，5mm-8mm左右的，太厚了宝宝容易摔跤，尤其是学走路的宝宝。安全性第一，看产品的证书有没有权威机构的检验，重金属和甲醛含量是重要考虑因素。']"
181575,海信电视怎么样,"['没有寿命问题， 但液晶电视的由于系统集成度较高，坏机的可能性相对降低， 如果发生怀机，一般维修费用较高，这就如同起初的电脑市场一样。', '海信电视不好，都遇到几台了，在保修期內，屏就坏了，不保修，收费又高，垃圾，成都的售后更垃圾。', '海信电视故障率太高，很容易坏，维修售后质量也差，过保了维修起来折腾人。']"
181576,建行理财到期钱没了,['首先确定买的是自动赎回的吗？要不是的话还需要手中赎回钱才可以回到账上。银行理财产品到期后的资金一般在晚间24点钱会到账，但如果买的产品会自动续做的话，一定记得要手动赎回一下。']
181577,秋占生女是什么意思,"['这是求了观音灵签的以支中签，在网上查到的解释是：1.此卦屋好墙壁之象 凡事稳当无险也。2.曰：改旧成新、寒花遇春、从前阻滞、今得称心：自身吉：宜守常则四季平静。 若问申宫用守常，今生运限主雌强；早。', '就是秋占生的女儿的意思。']"
181578,营业执照网上申报,"['1.登陆全国企业信用信息公示系统：http://gsxt.saic.gov.cn。2.查到所在省市点击进入。3.点击【企业公示信息填报 】。4.选择【新用户注册】。5.按要求填写信息，点击【验证】，验证通过后再旁边设置密码，然后选择登陆。6.登陆需要填写手机号接受验证码，验证码来得比较慢。7.登陆后选择【年底报告在线填报】，选择【2014年度】。8.按要求填写，可以选择是否对外公示。9.填写完毕保存并下一步，来到出资情况这块点击【添加】将各个股东的出资时间填上。10.【保存并下一步】资产状况这块让贵公司会计出具上一年度的资产负债表及损益表，按要求填写，可选择是否公示。11.【保存并下一步】来到对外提供保证担保信息，如果没有可以【保存并下一步】。12.下一步来到党建信息。13.再下一步到了预览并公示，查看下如果没有错误就选择【提交并公司】。14.提交以后再到企业信用网查询你公司信息就能查看年报信息了。', '进入网页：1、百度搜索“信用公示系统”，进入系统。 2、选择“河南” 。三、未注册的请注册。1、点击“企业联络员注册” 。2、填写内容并保存。 ①注册号只有15位，副本上注册号只填前15位数字 ②注册时使用的是老身份证号码的，填新号码无法通过。一般情况下，新身份证号去掉第8、9位和最后一位数字就是老身份证号。也可以到营业执照原工商注册部门备案新身份证号。 ③联络员可以不填写负责人。但是为了便于记忆，推荐填写负责人 ④联络员手机号可以不填写负责人的。必须能够接收短信。 ⑤联络员证件号和手机号切勿填错。如果填错并忘记了造成无法登录，目前尚无法解决。3、保存后显示“恭喜您，注册成功”。']"
181579,csgo读取游戏后提示已停止工作,"['图像设置到低，有多低就多低。', 'dx10修复工具试试。', '关闭输入法之后再玩看看。']"
181580,兰陵王妃大结局是什么,"['女主选择了兰陵王高长恭，离开了北周，但是女主最后被萧洛云杀了，当时她和兰陵王高长恭在一起，所以宇文邕并不知道最后她死了，但也是在死前的最后那一刻她才明白自己最爱的人是宇文邕。', '高长恭最终抱的美人归，与元清锁共度生死。']"
181581,扫描仪错误22,"['液晶屏扳手按键—服务—恢复默认值—OK，然后再次测试，如问题依旧，建议您通过以下方法将一体机冷复位至初始状态：组合键：关机->按住“取消”和“向右”按钮->开机。看开扫描仪有没有移动、灯亮！开机时扫描仪会左右移动的、当扫描头到左边时扫描头会亮一下！同时扫描仪上面【玻璃旁边，外面看不见】会把光反射回去，传感器收到了，就完成自检了。', '你看开扫描仪有没有移动、灯亮！开机时扫描仪会左右移动的、当扫描头到左边时扫描头会亮一下！同时扫描仪上面【玻璃旁边，外面看不见】会把光反射回去，传感器收到了，就完成自检了、你这个也可能是主板上的F保险坏了 补充： 卡扫描架，就是扫描仪里面有异物，导致扫描仪不能来回移动！ 追问： 重新开机看了扫描架没有自检，能看到扫描仪灯管的光，下一步是不是检查是否卡扫描架呢？应该怎样检测？ 回答： 你拆开看下里面是不是有东西呀？如果你有你可以看下主板上的f1,F2是不是坏掉了吧、我曾经也修过HP1005一体机，它那个也是扫描仪错误、最后修好是排线问题。', '错误22的意思是扫描头故障，建议您通过如下方法操作：开始—服务—恢复默认值—OK，如问题依旧，您可以通过以下方法将打印机恢复至出厂设置：组合键：关机->按住“取消”和“向右”按钮->开机。']"
181582,b站手机解绑,"['申请解绑手机，请您使用账号绑定的邮箱发送申请邮件到help@bilibili.com，标题请注明 解绑手机，并提供下列账号信息：用户名；昵称；原手机号；注册时间和注册地点；常用登陆地点。', '手机注册的号可以更改手机号。登陆，进入账户安全中心，更改手机号，然后找一个不用但可以收验证短信的手机号绑定，完成。']"
181583,大唐荣耀哪里能看全集,"['CCTV。', '360影视', '影视大全。']"
181584,成都二手房交易流程,['一、买卖双方交易之前协商沟通后共同同意。二、卖方提供房屋的所有合法证件，买方就可以交纳一定的购房定金，然后买卖双方根据协商的意见，签订正规的合法买卖合同，合同内必须包括对房屋坐落位置、产权状况及成交价格、房屋交付时间、房屋交付、产权办理等具体事项，合同需要一式三份。三、然后向房地产交易管理部门提交申请，然后房地产管理部门会将申请和有关资料进行审查，对符合上市条件的房屋会给予批准过户的回复。四、房产部门根据交易房屋的产权和购买对象，按交易部门设定的审批权限进行逐级的审报，得到批准之后，交易的双方可以进行办理立契的手续。五、由买卖双方交纳各项税费。六、在房地产交易管理部门办理变更之后，买方就可以凭领取房屋所有权证的通知单，到发证部门领取新的产权证。七、如买方有贷款，等银行对房屋审核之后，再确定可以贷款的额度。等取领取了房屋所有权证之后，银行就会一次性发放贷款。八、买方拿到新房屋所有权证，付清所有的房款，卖方再将物业费结清之后，二手房交易就可以到此结束了。']
181585,鸟屎掉衣服上吉不吉利,[]
181586,上海哪个医院骨科比较好,['上海第六人民医院骨科、上海长征医院骨科、上海长海医院骨科、上海第十人民医院骨科 、上海瑞金医院骨科。']
181587,女人手心烧是什么原因,"['手心脚心发热是典型的肾阴虚症状。', '结缔组织疾病：风湿热、系统性红斑狼疮、类风湿性关节炎等可引起手心发热 ,但发生率不高 ,而且一般伴有明显全身发热症状。', '手心经常发烫，贴在其他部位的皮肤上，会有热热的感觉；有的人还有夏季手心热，冬季反而手心冷的特点；还有一些人手心、脚心都感觉热，甚至心里老是烦烦的，容易发脾气。在中医学中，这叫""五心烦热""，多见于阴虚、血虚和食积。前二者多发于女性，后者多为儿童。阴虚所致的手心热多见于肾阴不足，或肝肾阴虚。血虚导致的手心热，大多见于年轻女性，多伴有痛经。中医将手心发热是怎么回事分为疳积脾虚和血虚阴亏两种。1、疳积脾虚，手足心发热其原因一是饮食不节，即有的饮食无度，食不定时，常吃零食，长期下去可损伤脾胃功能，引起运化失常，形成积滞，积滞日久，水谷精微无能吸收，形成疳积而发热。二是患其它疾病后，如吐泻，痢疾、寄生虫病等治疗不当，迁延日久，损伤气血，导致营养不良而形成疳积发热。这部分常见为手足心发热，面黄肌瘦，毛发干枯，腹部胀大，食欲不佳，常食异物，夜睡不宁，大便较稀，有不消化食物，小便黄浊如米泔。2、血虚阴亏，手足发热其原因多由于平素体质虚弱，或大病、热病后，失于调理，阴血耗伤，正气尚未恢复而致。这部分常表现为手足心发热，形体消瘦，精神萎靡，咳嗽少痰，目眩耳鸣，口干舌燥，午后潮热，颧红盗汗，小便频数，大便秘结。手足心发热，以疳积脾虚引起的多见，绝大多数是3岁以下的婴幼儿。在药物治疗的同时，还要注意补充一定数量的富有营养的食品，多晒太阳，呼吸新鲜空气，以促进体质的恢复。']"
181588,比熊跟泰迪能配吗,['只要体型差距别大的太过分。和任何品种都可以配种。']
181589,壁虎是益虫吗,"['壁虎是益虫,它吃蚊子的', '壁虎不是虫，是爬行动物他们吃蚊子苍蝇什么的，是有益的']"
181590,开服装店流程,"['1、首先开店之前先要有店铺。2、办理营业执照。3、办理guo税。4、办理完guo税，再去地税办理登记证。5、进货。等货物完全铺好，可以放鞭炮正式开业了。', '市场分析-商家调查-选择地址-装修装潢-筹备与开张。']"
181591,范冰冰多高真实身高,"['真实情况是160-162。', '范冰冰163。']"
181592,游标卡尺读数,"['无论测量方法如何，数据都便现在标尺上。所以我们以下图测量内径的图示为例：首先，看副尺“0”的位置，它决定了头两个数位。图中0在2.3cm的后面。即为测量物体的内径为2.3xxcm.然后观察副尺分度（精确度），就是有多少个格图中为20分度，即精确度为0.05mm。（每分度的单位=1毫米/分度）然后看副尺和主尺完全重合的数位，看红框内，重合部分与二差3格。即重合处为17。每单位为0.05mm，得出最后的数位，0.85mm（0.085cm）最后测量出，目标的内径为2.385cm。', '读数时首先以游标零刻度线为准，读取尺身上的毫米整数。如图所示，游标零刻度位于主尺的14mm与15mm之间，所以读取其整数毫米为14mm。再读取游标所指示的数值。观察游标上第几条刻度线与尺身的刻度线对齐，如图所示，取最接近对齐的线，下图取游标8数值处刻度线与主尺刻度线对齐。则读数结果为：40格*0.02mm（精度）=0.8mm。将两次读数相加即为此次测量的数值。即最终读数为14mm+0.8mm=14.8mm。']"
181593,四月是你的谎言结局,['公生在失去母亲之后又失去了自己的心灵支柱，最后公生对着小椿的告白露出了悲伤的微笑。']
181594,儿童手工风铃制作方法,"['一个护发素的内盖（没有的话可以用光盘），在上面钻上洞，在洞里穿过铁丝，穿一颗针，在上面穿一颗星星，把绳子系在盘子中间的铁丝上，在星星下面栓一个钥匙圈，钥匙圈下面再栓一颗星星，在星星下面栓一个小瓶子（我没有足够的瓶子所以用玻璃代替）要栓紧哦！把彩带撕成小条，拴在下面，在钥匙圈上再栓同样的一条，中间的一圈，先穿一个千纸鹤，千纸鹤下面是小瓶子，穿一个星星，在星星下面栓彩带，中间的三条都弄好，撕四条长长的彩带……然后可以绑在顶上~就完成啦。', '首先把瓶盖顶部用裁纸刀去掉，四周用锥子扎空，在用彩色尼龙绳装饰勺子。在勺子把用尼龙线捆绑。然后再拿出事先准备好的一些装饰风铃的材料。在瓶盖上绑一个十字。把我们准备好的各种风铃挂坠捆绑好。', '你要想办法找到9个小药瓶，然后在里面装上各种颜色的水，之后还要在每个瓶的盖子上穿根线；用硬纸片剪个圆盘，中间穿上线，然后把药瓶的线固定在圆盘的周围；用胶泥和电光纸做出各种好看的图案粘在瓶上就可以了。']"
181595,儿童口腔溃疡的治疗方法,"['治疗儿童口腔溃疡小偏方： 1、维生素C药片1-2片压碎，撒于溃疡面上，让孩子闭口片刻，每日2次。这个方法虽然很有效，但是会引起一定的疼痛，小宝宝可能会不太配合。 2、用全脂奶粉，每次1汤韪并加少许白糖，用开水冲服，每天2-3次，临睡前冲服效果最佳。通常服用2天后溃疡即可消失。 3、西红柿列切挤汁，然后把西红柿汁含在口中，每次含数分钟，一日多次。 4、柿饼上刮取柿霜，用开水冲服或加入粥中服用。 5、西瓜瓤挤取瓜汁后含于口中，约2-3分钟后咽下，再含服西瓜汁，反复数次，每天2-3次。 6、蛋打入碗内拌成糊状，绿豆适量放陶罐内用冷水浸泡10多分钟，放火上煮沸约2分钟（不宜久煮），这时绿豆未熟，取绿豆水冲鸡蛋花饮用，每日早晚各1次。 7、采鲜芭蕉叶适量，将其用火烤热贴敷于口腔溃疡处，每日2-3次。', '偏方一：喝蜜汁法。经常给患儿喝10%的蜜蜂汁或者是漱口，因为很多口腔溃疡都是由于上火引起的，而蜜汁水就不仅具有消炎，同时还具有止痛的作用，对促进伤口的愈合也有一定的帮助。偏方二：木耳疗法。使用黑白木耳两种混合，山楂各10克，然后加上三碗水煎至一碗，然后吃木耳，喝汤。坚持每天多喝几次就可以一定的缓解口腔溃疡症状。偏方三：可可疗法。用可可粉和蜂蜜一起调成糊状，然后经常含咽就可。而且可可粉和蜂蜜的味道都是孩子最为喜欢的，相信这样的治疗方法对防治宝宝口腔溃疡效果是最好的。偏方四：白菜根疗法。用白菜的根部，同芥菜籽，葱白一起弄破碎然后用纱布将这些菜贴于足心就可。偏方五：全脂奶粉法。用全脂奶粉加适量的白糖，晚间休息的时候冲服就可了，正常情况下两天就可痊愈了。偏方六：维生素C。将维生素C弄碎了之后，然后敷在伤口处就可了，当然了如果宝宝不小心吃了的话也是不要紧的。偏方七：苹果法。将苹果去皮之后加冷水一起煮沸，然后取苹果同少量酒一起含在口中片刻就可。不过这个方法不是一般宝宝都可以接受的。偏方八：云南白药法。直接将云南白药敷在宝宝溃疡的表面就可以了，在敷的时候注意不要让宝宝吃下了。']"
181596,宽带测速很快 但实际很慢,"['1.病毒木马原因导致的 ，会导致导致网速慢。2.由于使用了 p2p 下载软件导致占用带宽资源很大，导致网速变慢了。3.多台电脑共享上网，可能共享网络中的电脑有中 arp 病毒 ，解决办法就是找到攻击源，使用金山卫士对该电脑杀毒。4.还有一种是就是所处的宽带环境，有可能宽带线路老化，路由器坏了原因导致网速变慢 。5.电脑和网站处在不同网络环境 ，例如网通用户与电信网站之间的访问，也会出现网速变慢。6.还有一种就是网站自身的问题，网站所在的服务器质量很差，宽带有限导致的网速变慢。网速慢的解决办法首先排除是不是外部因素造成的网速变慢了，例如网站自身的问题，宽带环境设备老化或者破损。如果排除外部因素，那就解决内部因素造成的。', '1.宽带连接、网速不稳定，如果在局域网环境下，多数人在使用宽带资源也会出现打开网页速度慢情况。2.浏览器本身问题，如果多开窗口浏览会占大量内存，而且磁盘空间没有做过优化，就这样电脑资源不够用，也会出现打开网页速度慢的问题。3.浏览器自身插件或加载项导致，影响了浏览器的正常使用。4.局域网内可能有 ARP 攻击，让网络出现断网或者延迟情况。5.电脑遭到木马病毒入侵导致注册表和系统程序遭到破坏，打开网页速度慢问题也随之而来。6.打开网页速度慢解决方案金山毒霸的系统清理中痕迹清理功能，可以解决打开网页速度慢/网页打开慢的问题。一键清理将习惯清理的范围设置成默认，一键搞定清理垃圾清理电脑垃圾文件，节省磁盘空间清理痕迹清除使用记录，保护个人隐私清理注册表定期清理注册表，可以加快系统运行速度。', '1、同时使用的人多，拉慢了网速；2、对方在下载一些资源很多的东西，占用了大部分网速；3、路由器出现了问题，导致 WIFI 信号没以前那么好了；4、对方使用类似路由器管理器的软件进行限速了，360路由器就有这个限速的功能。']"
181597,小米6防水等级,"['小米6是支持IP68级的防水。', 'IP56吧。']"
181598,10100000贷款可靠么,"['可靠！这是平安银行的贷款热线电话。电话预约，网点签合同。', '扯淡，千万别上当']"
181599,男人认定你的表现,"['会主动讨取你的欢心，会答应你，他可以做到的要求，回去花大量的时间和精力和你在一起，会对你说他的心里话。', '在你没答应他之前，我想他可能是不会那么快认定你的，你们只要真心坦诚相处，就能感觉对方是不是真心的，还有如果你也感觉不错，就不要考验太长时间，过分考验也可能会错过缘分。', '有的男人会直接表白，这种人属于比较大胆。有的男人爱一个人是不会说的，因为他不知道你是不是也喜欢他，等确定之后就会大胆地去爱。']"
181600,uuid.randomuuid 会重复吗,['不会重复，我们公司有时候数据库的主键就是这么用的']
181601,南京装修公司哪家靠谱njgzjz,"['南京冠全装饰工程有限公司。', '南京装饰协会。']"
181602,大便检查能查出什么,"['1、粪便颜色：柏油色，见于上消化道出血等。红色，见于痢疾、结肠癌、痔出血等。陶土色，见了各种原因所致阻塞性黄疽等。绿色，见于婴儿消化不良等。黄绿色，见于伪膜性肠炎等。 2、粪便形态：粥样或水样稀便，见于急性胃肠炎、食物中毒、伪膜性肠炎等。粘液性或脓血性便，见于痢疾、溃疡性结肠炎、大肠炎、小肠炎、结肠癌、直肠癌等。凝乳块便，见于婴儿乳汁消化不良等。细条状便，见于结肠癌等所致直肠狭窄。米汤样便，见于霍乱、副霍乱等。 3、粪便细胞：红细胞出现和增多，见于痢疾、肠炎、结肠癌、痔疮出血等白细胞增多，见于肠炎、细菌性痢疾。 4、粪便潜血：阳性，见于胃肠道恶性肿瘤、伤寒、溃疡病、肝硬化等所引起的消化道出血。5、粪胆素：阳性，见于溶血性黄疽和肝性黄疽等。 6、粪便胆红素：阳性，见于溶血性黄疽、阻塞性黄疽等。 7、粪便细菌培养加药敏：阳性，见于细菌性痢疾、伤寒、肠结核、急慢性肠炎等。', '1.发现大便颜色出现异常，呈黑色、陶土色、绿色、酱红色等，大便性状改变，稀水、黏液便、脓血便等。2.了解消化道及通向消化道的胆管有无病变引起的出血，以便进一步细查。如肝硬化食管静脉曲张、溃疡病、胆管出血，出血量较大时，肉眼可见明显血便或黑便；而结肠肿瘤，溃疡性结肠炎，血便更是主要症状。3.协助诊断某些肝胆疾病，如阻塞性黄疸时大便呈陶土色、胆石症时粪中可检出小结石。', '大便常规主要检测是否潜血或者有白细胞，以判断内出血和炎症，大肠癌能够在大便中找到癌细胞。']"
181603,塘沽区什么地方有男科医院,['天津市第五中心医院、天津泰达医院。']
181604,系统实现怎么写,['学生公寓管理系统设计与实现该学生公寓管理系统主要实现了后勤部门对学校宿舍的管理功能。系统分为管理员模块和学生模块两个部分。管理员模块实现的功能有：1)    学生信息管理功能：主要是添加系，专业，班级和学生的具体信息，来创建以班级，专业，系等为单位的学生信息。包括添加，删除和修改功能，还有学生的总体查看和个别查询功能。2)    宿舍楼信息管理功能：分为宿舍楼信息的添加删除和修改功能：添加修改功能具体实现为每栋楼的楼名，层，房间，床位的添加和修改；删除功能执行一次删除整栋楼。']
181605,为什么借贷宝倒闭不了,['一、国内外 P2P 平台林立，但国内缺乏真正意义上的 P2P 平台。二、监管的加强肃清了行业的风气，带来了新的发展契机。三、大数据之声的喧嚣，推动着新的征信平台的诞生。四、中国民间借贷规模庞大但缺乏法律保障、回款困难。五、中国5600万小微企业存在的融资难、融资贵等问题。']
181606,美邦钙宝跟迪巧哪个好,"['一般给予迪巧钙的比较多。', '上述补钙产品都可用于婴幼儿补钙，每个孩子吸收药物的个体差异不同，可以服用其中一个。']"
181607,尘虱是怎么样产生的,"['一般从宠物身上。', '一：房子里原先就存在，装修前没进行房屋全面消毒，二：被人从外部携带进来，尘虱很容易依附在衣服或者其他之类的媒介上传播。']"
181608,怀孕多久会有反应,['女性出现妊娠反应一般是从在6-12周左右。']
181609,白色汽车划痕怎么处理,['白色汽车身上有了新的划痕，先要用鹿皮布仔细将划痕及其周围车漆擦拭干净，然后将日常用的牙膏涂抹在划痕“伤口”处！一定要涂抹均匀，并且在下雨或者是洗车之后也要涂抹一遍。但是需要注意的是，涂抹了牙膏的划痕伤患处，只是能起到临时保护的作用，并且能防止划痕处生锈，只是暂时的权宜之计，不想自己动手的话，可以等到爱车下次进行保养的时候，让4S店进行彻底得修补。想自己动手操作的话，我们可以先用颗粒极细的水砂纸先进行打磨，沿着直线进行打磨，打磨掉锈斑以及牙膏之后，然后均匀得涂上薄薄的一层底漆。等到底漆干了之后，还要进行砂纸打平。然后就是要沿着划痕的两侧仔细贴两层美纹纸，让美纹纸正好露出划痕。美纹纸最好多贴几层。贴的时候要更加仔细才行，一定要把划痕完全框住，保证后期的补漆效果。']
181610,二维码的原理,['二维条码/二维码(2-dimensional bar code)是用某种特定的几何图形按一定规律在平面(二维方向上)分布的黑白相间的图形记录数据符号信息的；在代码编制上巧妙地利用构成计算机内部逻辑基础的“0”、“1”比特流的概念，使用若干个与二进制相对应的几何形体来表示文字数值信息，通过图象输入设备或光电扫描设备自动识读以实现信息自动处理：它具有条码技术的一些共性：每种码制有其特定的字符集；每个字符占有一定的宽度；具有一定的校验功能等。同时还具有对不同行的信息自动识别功能、及处理图形旋转变化点。']
181611,如何发海参,"['1、家庭食用少量海参可先用冷水把干海参浸泡一天，用刀剖开肚子，取出内脏洗净；2、然后放入暖水瓶中，倒入开水，盖紧瓶盖，发10小时左右；3、取适量海参用清水泡12小时（夏天放在冰箱保鲜层），然后破肚去筋去沙嘴洗净，放在无沾油锅煮开后再用文火煮20-30分钟，熄火后将其自然凉透倒掉水，加入适量纯净水放于冰箱保鲜48小时（满24小时后再换一次纯净水）后即可食用。', '1、将干海参用自来水直接冲洗1分钟，洗掉表面少许微尘；2、置于1-10度凉纯净水中24小时左右，中间换水2次直至将海参泡软；3、将泡软的海参从腹部纵向剖开，去掉海参前端牙状物和体内白筋；4、添纯净水上无油锅加盖煮沸，用中火煮15-25分钟；5、换新的凉纯净水，泡24小时左右，中间换水2次直至发泡到2倍左右长度；6、泡好后，即可食用。可把多余的单独零度以下冷冻，建议2周内用完；7、如有个别海参没有发大，属于正常现象，可重复4、5步骤。']"
181612,人民币转港币汇率,"['1CNY=1.1543HKD。', '1人民币CNY=1.1536港元HKD。', '100HKD=88.48CNY。']"
181613,谷歌账号注册手机无法验证,"['进入http://google.com.hk首页后把下面的中文简体换成繁体，大陆手机号就能验证成功了。', '进入app后，随便填写一个以@gmail结尾的邮箱账号，下一步就到了google账号登录界面，在这里点击选择账号输入框下的“创建账户”链接。在创建账户页面，填写相应信息。（在这里，要注意手机号码要选择中国+86的。）然后点击继续，不用输入什么验证码，就可以成功创建google账号了。', '关键在于你注册的第一步，选国家的时候一定要根据你的VPN的国家来选，不是选中国的。到了第二步，用中国的手机号就能注册了。']"
181614,机械迷城结局,"['男主带着女主逃跑。', '全灭。', '男主角把女主角救出来，两人乘坐飞行器飞走了，在空中撞到东西，飞行器坏了，男女主角又分离了。']"
181615,2003如何关闭445端口,"['1、快捷键WIN+R启动运行窗口，输入cmd并执行，打开命令行操作窗口，输入命令“netstat -an”，检测445端口是否开启。2、依次输入以下命令进行关闭：net stop rdr/net stop srv/net stop netbt。', '一、单击始—运行输入regedit单击确定按钮打注册表；二、找注册表项HKEY_LOCAL_MACHINE\\System\\Controlset\\Services\\NetBT\\Parameters；三、选择Parameters项右键单击选择新建—DWORD值orQWORD值（32位系统选择DWORD值64位系统选择QWORD值）；四、DWORD值命名SMBDeviceEnabled；五、右键单击SMBDeviceEnabled值选择修改；六、现编辑DWORD值框数值数据输入0单击确定按钮完设置。']"
181616,git gitlab github的区别,"['git是一种版本控制系统，是一个命令，是一种工具；gitlab是一个基于git实现的在线代码仓库软件，可以用gitlab自己搭建一个类似于github一样的系统，一般用于在企业、学校等内部网络搭建git私服；github是一个基于git实现的在线代码仓库，包含一个网站界面，向互联网开放。', 'Git是一个开源的分布式版本控制系统，用以有效、高速的处理从很小到非常大的项目版本管理。Git 是 Linus Torvalds 为了帮助管理 Linux 内核开发而开发的一个开放源码的版本控制软件。Github 是 一个网站，提供给用户空间创建git仓储，保存用户的一些数据文档或者代码等。GitLab 是一个用于仓库管理系统的开源项目，使用Git作为代码管理工具，并在此基础上搭建起来的web服务。', 'Git是版本控制系统，Github是在线的基于Git的代码托管服务。Github就是自己的repo(repository的缩写，表示“仓库”)都需要public(公开), 如果想要创建private(私人)的repo, 那得付钱。']"
181617,ios8.0怎么更新,"['首先点击“设置”，进入“设置”之后，点击“通用”。进入“通用”之后然后点击“软件更新”并进入，如果空间不够用需要将多余的文件删掉，并且选择“下载安装”即可。', '升级方法有两种，方法一：确保iPad电量在50%以上，设置-通用-检查更新OTA升级；方法二：打开电脑iTunes-连接iPad-更新iOS系统即可。']"
181618,淘宝发货单号填错了怎么修改,"['第一步：打开阿里旺旺，登入账号密码后，在阿里旺旺电脑客户端中找到带淘字的图标，第二步：点击【卖出宝贝】，会弹到网页中，第三步：在已经发货的宝贝中，点击【查看物流】，在物流信息中，在网页左边物流信息中点击【修改】，第四步：在框中输入正确的快递单号，这次需要认真的填写快递单号，填写正确后，点击【确定】，修改成功后悔提示【修改成功！】。', '陆淘宝卖家账户，进入卖家中心一已卖出的宝贝。找到填错单号的订单，点击查看物流。发货单号填好后的24小时内是可以更改的，点击修改。可以修改成任意快递与快递单号，点击确认。超过24小时才发现单号填错了是无法修改的，这时候要第一时间联系顾客，把正确的单号与发给顾客并且报以歉意，一般顾客都会理解的，不第一时间处理好的话，容易被顾客中差评，得不偿失。到某些因为你填错单号从而为难你要退款的顾客也不怕，因为此时货已经在路上，他此刻要退款你就会钱货双失，不要被顾客唬一下就退款了，这个时候一定要耐心安抚好顾客，并且把单号底单拍给顾客看，让顾客放心。即使顾客投诉你要求客服介入退款，因为你有底单，也不用怕因为单号填错而造成什么损失。']"
181619,微信红包打不开怎么回事,"['有可能是你手机在使用过程中由于缓存过大，造成内存运行不足，导致无法打开图片等情况；可能是群里抢的人很多，导致系统有些缓慢；可能是网络不好，不能及时更新等等。', '微信红包打不开原因：1、手机网络不稳定。2、微信缓存过多。3、微信版本过低。']"
181620,刘亦菲给谁当过伴娘,"['周扬。', '张靓颖。']"
181621,live怎么拍,['1、在 iPhone6s 及更新设备上打开相机以后，在顶部中间可以看到有一个圆形的图标，它就是 Live Photos 的开关。当前显示为灰色状态，表示 Live Photo 为关闭状态。2、如若要打开 Live Photos 功能，点击打开即可。3、当打开 Live Photos 功能以后，在拍照时屏幕上也会显示 LIVE 字样，表示当前正在使用 Live Photos 动态拍摄功能。4、当拍好了一张 Live Photos 照片以后，想要查看它的效果时，请在相片里用手指轻轻长按它，便可以看到动态效果了。']
181622,支付宝怎么找人工客服,"['1、打开手机上的支付宝，输入账号、密码进行登录。2、登录成功后，在首页宫格内找到【我的客服】如果没找到的话点击下面的【更多】进行查找。其他路径—我的—头像—我的客服。3、找到【我的客服】后，点击客服头像右下方的文字对话框。4、在文字对话框内输入“人工”并发送。5、再次发送“人工”后，点击“联系在线客服”。6、输入问题7耐心等待客服解决问题，尽量不要难为客服人员，如果不能解决，客服也会给出其他方案，最终的目的，也是为了解决客户的难题。', '1、首先，进入支付宝服务大厅，在最下端，就可以看到在线客服，点击立即使用；2、在这里跳转一个自助聊天咨询窗口，输入一个问题发送，如帐号被盗。3、选择问题的类型，点击支付宝帐号被盗。4、接着出现提示，是否需要连接人工服务，选择进行转接。5、开始建立人工服务，有时候需要等待排队，接通后，自己进行咨询即可。']"
181623,为什么大众车质量那么差 销量那么好,"['大众牛逼关键在于是个德国车企，中国人普遍崇拜德国。', '大众来的最早，大众集团本身就是全球列强之一，有强大的伙伴，品牌力也有产品的知名度优势，渠道优势，规模成本效应。', '因为大众是最早进入中国市场的合资品牌，国人买车不管现在这车怎么样，只管以前这车名气大不大好不好，大众十几年前捷达桑塔纳老牛X了，所以现在大众再破也是好车。']"
181624,变压器的效率是指变压器的 之比的百分数,"['因为变压器存在空载损耗和负载损耗，所以实际输出有功率比输入有功功率小，就存一个效率。', '变压器的效率为输出的有功功率与输入的有功功率之比的百分数。']"
181625,简述甲骨文的字形特点.,"['结构不固定，形式多变，或正或反，或分或合，笔画或多或少，相当灵活，具有很大的随意性。', '1．笔画纤细，一般为瘦笔。2、笔画走势自然，随体诘屈\xa0。3．字形原始，图画色彩浓。4．字形简捷，多省略笔画。5．字形未定，异体繁多。6．存有大量合文。', '一、瘦硬挺直、尖锐芳峻，属于劲峭型。 二、均匀对称、大小不一，属于奇肆型。 三、两字合写、偶有三连，属于雄浑型。 四、一字多形、正反不拘，属于委婉型。五、行列不分、参差错落，属于疏放型。']"
181626,12306用户名和邮箱都忘了怎么办,['使用经办人注册时填记的手机拨打12306客户服务电话，业务员将记录提供的企业名称和经办人身份证号码，核实处理后反馈。']
181627,维生素b2吃多了会怎样,"['维生素B族等水溶性维生素因为很容易随尿排泄掉，不能在体内蓄积，所以很难引起中毒，除非吃太大的量（例如是正常需要量的100倍）。', '如果摄取过多，可能会引起瘙痒、麻痹、灼热感、刺痛等。一般不会出现过量的，如有过量，会通过尿液和汗液排出。']"
181628,哪个是暴君哪个是主宰,['主宰是大龙，暴君是小龙。']
181629,艾青的诗,['《大堰河》（诗集）1936；《北方》（诗集）1939；1942，文生；《他死在第二次》（诗集）1939，上杂；《向太阳》（长诗）1940，海燕读书；《吴满有》（长诗）1943，新华书店；1946，作家书屋；《黎明的通知》（诗集）1943，文化供应社；《愿春天早点来》（诗集）1944，桂林诗艺出版社；《雪里钻》（诗集）1944，新群；《献给乡村的诗》（诗集）1945，北门，《释新民主主义的文学》（理论）1947，香港海洋书屋；《走向胜利》（诗集）1950，文化工作社；《新文艺论集》1950，群益；《欢呼集》（诗集）1950，北京新华书店；1952，人文；《艾青选集》1951，开明；《新诗论》1952，天下；《宝石的红星》（诗集）1953，人文；《艾青诗选》1955，人文；《黑鳗》（长诗）1955，作家；《春天》（诗集）1956，人文；《海岬上》（诗集）1957，作家；《苏长福的故事》（报告文学）署名纳雍，1960，新疆人民；《归来的歌》（诗集）1980，四川人民；《艾青叙事诗选》1980，广东人民。']
181630,开培训班需要什么手续,"['开办辅导班相当于是设立教育机构，必须具备四项基本条件：1）有可靠的合格教师的来源，能保证教育教学任务的完成；2）要有符合规定标准的教学场所及设施、设备等；3）有较为健全的内部组织管理机构；4）有必备的办学资金和稳定的经费来源。具备以上基本条件之后，可以去当地的人民政府及教育行政部门等主管机关审批。履行审批手续的具体程序大致为：1、提出申请；按设置标准载明有关事项；2、由审批机关进行审核，包括到办学场所实地调查了解情况；3、由人民政府、教育行政部门或者有关主管机关批准。', '申办培训班，应符合下列条件：1.园舍场地和设施符合建设部门、教育部门所规定的标准；2.有独立的财务机构，独立的银行帐户；3.有足够的办园资金和维持日常教育所需的资金严来源；4.有正常师资来源渠道和符合教育行政部门规定要求的师资队伍；5.有符合教育行政部门规定的幼教专业管理人员并主持培训班日常管理工作；6.有明确的办园方案，办园方案包括办园目标、原则和培训班类型，招收对象和范围，师资队伍和符合国家规定的教育课程和教材等；7.有培训班名称，培训班名称应体现民族化、儿童化的特点，名称中不得带有与办园实际不符的或易产生误导作用的词语。']"
181631,廊坊哪家肛肠医院好,"['河北医科大学第三医院。', '通县潞河医院。', '管道局医院和市医院。']"
181632,怎么做组织结构图,"['1.点击插入——smartart。2.选择smartart图形——层次结构。3.点击smartart工具——添加形状。4.如图所示点击降级，添加组织结构图的框。5.如图所示，点击升级，使组织结构图的框向上提一级。6.快捷键：用Backspace键提升层次,TAB降低层次。', '点击“插入”——“SmartArt”——弹出如下图所示对话图，按下图所示设置后，点击确定。选中第3行最左边的文本框，然后点击“布局”选择“标准”。点击“添加形状”——“在下方添加形状”，效果如图所示，在该文本框下增加了下属文本框。用同样的方法，再增加两个下属文本框。选中第3行中间的文本框，然后删除。同步骤2、3、4为第三行右边的文本框增加3个下属文本框。下面介绍一下增加“助理文本框”，首先选中并删除第二行的文本框。选中第1行的文本框，选择“添加形状”——“添加助理”。最后在各文本框中输入组织名称。']"
181633,肉粽子怎么做好吃,"['1、粽叶浸泡后刷洗干净，放入大锅煮约10分钟，棉线一同煮开消毒。2、粽叶浸泡后刷洗干净，放入大锅煮约10分钟，棉线一同煮开消毒。3、红豆、花生浸泡六小时以上，加入糯米中拌匀。4、粽叶剪去两头，准备好所有用具。5、粽叶剪去两头，准备好所有用具。6、取粽叶卷起来，先放糯米，再放五花肉和火腿，再放满糯米，按喜欢的方式和形状包粽子。7、全部包好后，放入大锅中，加足没过粽子的冷水，上面盖一层篦子(蒸锅中间隔层的那种)，再压一个碟子，盖上锅盖大火烧开后，转小火煮约3个小时左右。', '1.糯米在做粽子的前天晚上就泡上，第二天就可以随时包粽子了。2.把泡好的糯米用适量的盐、生抽、老抽拌匀。3.粽叶清洗干净。4.把鲜肉切成1厘米见方的块，用生抽、老抽、盐拌匀腌制至少20分钟备用。5.取一张粽叶，折成漏斗状。6.漏斗里放一点糯米，放一块瘦肉。7.再放一些糯米盖住瘦肉，放一块肥肉。8.放糯米将肉全部盖住，但是粽叶留出1厘米高的边以便“包扎”。9.把边缘多出来的粽叶用自己的手法收起。10.然后用方法把粽子五花大绑，只要能绑结实就好。11.用砂锅高火煮两个小时，肥肉都煮得透明，特别香。', '1、五花肉切成1寸左右的见方，加入酱油、老抽、糖、盐、白酒适量，白酒一定要多放，这样好吃，根据自己的口味调整咸甜。2、用手搓加入调料的肉，入味。最好提前一天腌制好。3、米淘洗，尽量不要让米吃水。4、把米里面的水控干，我用过滤网过滤了两遍，米放在盆里面，略微停一会，让米吃掉多余的水。5、米里面加酱油、糖、白酒适量，盐少许，可以多放酱油，根据自己的口味，拌匀，备用，用太太乐宴会酱油味道好，这酱油很香，也可以用普通的酱油。6、粽叶洗净，把根部剪刀掉一点，煮开水，把粽叶放进去煮软就可以了；泡一会，把粽叶泡软。7、2片粽子叶重叠。8、卷成圆锥形。9、放入糯米和肉，每个粽子都一定要放肥肉，不然不好吃。10、最后放满糯米。压一下。11、把上面的粽叶往下折盖住米，把长出来的粽叶窝成角，用棉线将粽子绑紧。包紧包实；只要结实，不漏米就行了。']"
181634,电力猫和中继器哪个好,"['从功能上来说，电力猫是通过电线获得网络信号，而无线中继器是将原来存在的无线信号，通过自身的转发进行二次传播，从而扩大无线网络的覆盖范围。', '电力猫是在布放网线不方便情况下，在同一个电表下，利用电源线代替网线使用。无线中继是为了扩大搜索无线覆盖范围使用的。两种设备功能不同，看你要怎么用了。']"
181635,什么血型的人长寿健康,['O型血的人最长寿。']
181636,框中打勾符号,"['第一种办法：打开一个word表格，然后单击工具栏中的“插入”。然后在下拉工具栏中找到符号，并在符号下拉框中找到√，单击√就可以直接插入到word文档。第二种方法是单击“插入”，“形状”。选择下拉框中的√，可以根据自己的需要调节√的大小、颜色和是否需要外边的方框。有的输入法可以直接在打出文字”勾“的时候会出现相应的 √，这是只是需要进行相应的选择即可。', '1.在word中， 点击插入，选择“符号”，在弹出的“符号”对话框中，最后一行的“字符代码”框中输入221A就可以了。当然也可以自己慢慢找“√”2.像字体加外框一样，选中已经打好的“√”，单击“格式”、“边框和底纹”在“边框”里选择“方框”。如果在excel里，就这么做：1.右键工具栏，调出绘图工具栏，选方框，在工作表上拖出一个文本框，点右键“添加文字”然后在文本框里输入√，再调整大小，OK，完成，或者，右键工具栏，调出窗体工具栏，选中复选框，在工作表上拖出一个复选框，鼠标点击就能出现√，OK，完成。', '工具：word2010。通过插入--符号--其他符号，可以插入【方框内打钩符号】。步骤1：打开word文档；步骤2：点击插入--符号--其他符号；步骤3：字体选择Wingdings，然后选择【勾选框】，点击插入即可。']"
181637,球球大作战彩豆有什么用,"['1.可用来语音通话，一次消耗一个彩豆。（不过随着版本更新，很可能会通话免费）。2.可用来购买头像。3.使用彩豆帮好友点赞。', '彩豆的作用目前没有明确的作用，使用语音消耗，还可用来买头像。', '以买皮肤、买彩色字体用，一身皮肤是200彩豆、一种颜色的字体是300彩豆，有效期是一年，买的时间越久约有优惠，你可以花2000彩豆买10年的皮肤、3000彩豆买10年的颜色字体。']"
181638,乐视手机怎么解绑账号,['第1步：登陆乐视商城，在个人信息-手机设置中选择“更换我的手机”进行手机解绑验证，点击“立即验证”；第2步：点击“获取短信校验码“会提示输入“验证码”，输入验证码后确定即可；第3步：输入“校验码”后，点击“下一步”，之后输入新绑定的手机号，输入再次获取短信校验码，输入，点击下一步即可。']
181639,青云志3几月几日播出,['具体的播出更新时间未定。']
181640,猫流口水是怎么回事,"['猫的传染性水疱性口炎，猫感冒，猫咪嘴边流口水，可能是口腔感染或齿龈疾病，特别是处于换牙时期的猫咪，已变色的旧牙(非白色)不能自动脱落时也产生口臭，需要请医生拔除旧牙。', '1.口腔炎、咽炎、食道异物、胃炎,扁桃体炎、颌下腺囊肿、唾液腺炎等均可导致多涎;唇、舌、咽麻痹,跌伤颌骨等也可引起多涎;癫痫、痉挛、受惊等也可引起多涎。2.药物过敏、敌鼠药、家药、变质食物中毒也常见多涎。 3猫泛白细胞减少等传病、个别肠道寄生虫病也引起多涎的出现。']"
181641,公司倒闭员工补偿标准,['职工一次性安置费的计发，由破产企业安置工作机构根据在册职工本企业工作年限、再就业难度等因素确定标准，一般人均不超过本市企业职工上年平均工资的三倍。']
181642,京东快车怎么充值,['1.登录到京东商城账户页面，点击左侧菜单中的“账户中心”下面的“账户余额”，打开账户余额页面。2.在打开账户余额页面，选择“充值”，打开充值页面3.在充值页面，在“充值金额”中输入充值金额，然后点击“下一步”4.确认您的充值金额，然后选择充值储蓄卡，点击“确定支付方式”按钮。5.确认支付金额和支付方式，然后点击“立即支付”完成充值金额的支付即可。']
181643,太平车险怎么样,['非常好，是中国央企，副部级单位，100％财政出资，1929年成立，87年历史了。']
181644,苹果手机上的视频怎么传到电脑上,"['1、首先将iphone手机充电数据线连接至电脑USB接口上。2、数据线接入USB后，在电脑上会自动连接到iphone手机上面，这时电脑屏幕上会出现一个“已连接照相”弹窗，在弹窗上点击取消按钮。3、取消之后，打开iphone手机，在屏幕弹出页面上按下信任此电脑后，才能使手机上面数据在电脑上进行访问。4、接着打开我的电脑进入里面，从我的电脑里面可以看到一个连接成功后的iphone手机相机标志，在相机上用鼠标单击一下右键，点击获取图片选项。5、然后再按下一步，进入到此步骤时，从这里窗口上可以预览看到手机上所有的照片及视频，对于手机上面照片和视频太多的朋友，一时可能区别不出来哪个是视频的话，自己先从手机上查看一下手机上面的视频预览图，然后在这里勾选和手机上面一模一样视频预览图片进行导入就可以了。6、在导入过程中，如果视频过大的话，时间会有一些慢，那样需要稍微等等一段时间，直到导入完成关闭掉窗口就行了。', '用手机QQ就可以啊，电脑上QQ，手机上QQ，上的是同一个QQ,然后代开手机QQ，点击左上方头像，下面有个我的文件，点击我的文件之后，点击第一个传文件/照片到电脑，点击进去之后，你就会看见一个 视频 ，你就可以发送到电脑了。', '以下载的爱奇艺视频为例，第一步：电脑登陆百度搜索“itools”软件下载，安装完毕后打开。第二步：用数据线把iPhone手机与电脑连接。第三步：在界面左侧点击iPhone设备，选择“爱奇艺”软件，可看到视频文件。第四步：把视频文件复制到电脑即可。']"
181645,孕妇能吃银耳吗,['产妇能吃银耳，不少的医院还将银耳汤作为月子里的食谱。产妇产后比较虚弱，因此排便力量减弱，再加上蔬菜、水果吃得少，产后经常有便秘现象。银耳中的膳食纤维可助胃肠蠕动，从而帮助预防产妇便秘；银耳富含维生素D，能防止钙的流失，有助于宝宝的生长发育']
181646,一个手机号码可以注册几个qq,"['一个手机号只能申请一个免费QQ号码。', '一个手机号码可以注册多个QQ。']"
181647,微信群发频繁多久解除,['10分钟之后就可以了。']
181648,打印机怎么使用,"['安装，接上电脑，打印机连到电脑上会出现提示，有新硬件提示，一般打印机会自带驱动安装好，然后就可以使用了。安装完之后可以在控制面板，添加打印机，会有显示打印测试，打印一份试试好不好使。把要打印的文件准备好，打击文件，打印预览，看看版块合不合适，如果感觉可以点击打印就可以了。图片打印预览完的时候，点击打印，然后选择自己要打印的图片，打上勾就可以，然后选择面板格式，就是一张纸上面打印几个图片，最后点击打印就可以了。打印机工作，有些打印机有自己的开关，所以打印的时候别忘了按开关。还需要放上准备好的A4之类的纸张，这样才能打印出来。打印机的墨盒，如果里面没有墨了，会打印不了。可以把打印机的盖打开，然后拿出墨盒摇几下，一般可以使用一小会的。如果上个办法不行，就需要去电脑城更换墨盒，或者去注墨盒，有专业人士帮忙。', '点击电脑左下角的开始菜单，点击设备和打印机，双击打开我的默认的且已经准备就绪了的打印机，点击右边的扫描文档或图片，将图片或文件放入复印机，点击开始扫描就可以了，扫描完成后会弹出一个对话框，要求输入一个文件名称，随便输入一个即可，导入成功，会自动打开文件存储目录。']"
181649,运营管理是做什么的,"['运营管理就是对运营过程的计划、组织、实施和控制，是与产品生产和服务创造密切相关的各项管理工作的总称。', '是零售管理术语，是指零售商透过一些硬指标及软指标对其门店的各项作业，起到培训、督导、考核、奖惩的一系列经营管理活动。']"
181650,乌镇两天一夜穷游攻略,"['从上海到乌镇的途径很多，可以做高铁到桐乡再转车，也可以直接坐长途大巴。询过万能的度妈，我们果断选择了后者。在网上买的车票，很方便也不贵（50大洋）。1.5h车程后我们到达乌镇汽车站，然后乘K350公交车，几分钟就到了西栅景区（乌镇主要景区是西栅和东栅，东栅下午5点就闭馆了，并且不接受入住，西栅一直开放，且旅客可住景区内）。', '行程：高铁 南京-嘉兴南（高铁不到2小时，因为早上还要上班，就选择13:30分到嘉兴南的高铁，票价172.5元，1小时42分到达）  滴滴快车  嘉兴南-乌镇西栅景区（提前约的车，加上高速费用167.5元，50分钟）第二天返回  高铁  桐乡火车站-南京南站（18:09分的车，2小时30分到达）打车  那一年餐厅-桐乡火车站 （100块，50分钟） 住宿：乌镇民宿（家庭房 1108一晚，可住3人，一张小床，一张双人床，两个房间哦）人员：3人。']"
181651,研发费用加计扣除比例,"['第一种：加计扣除前，根据公示：A=利润*税率，2第二种：加计扣除后因研发费加计扣除占比例的50%，推出公示：B=（利润-研发费用*50%）*税率。', '研发费加计扣除比例提高到75%。']"
181652,win7怎么显示文件后缀名,"['1、打开桌面上的计算机，点组织——文件夹和搜索选项；2、点查看，将隐藏已知文件类型的扩展名前的勾去掉，点应用。', '1、打开任意文件夹，资源管理器界面，点击“组织”—“文件夹和搜索选项""；2、在文件夹选项下点击“查看”，找到并取消“隐藏已知文件类型的扩展名”，确定；3、这个时候文件的后缀名就显示出来了。', '控制面板——外观和个性化——文件夹选项——显示隐藏的文件和文件夹——查看——显示隐藏的文件、文件夹和驱动器']"
181653,lol帐号暂时无法登录,['QQ异地登陆保护或者说账号被冻结。']
181654,怀孕初期有褐色分泌物,"['1、专家说，当怀孕初期有褐色分泌物时，只需过一段时间就会好，需注意不要操劳，多休息。褐色分泌物颜色很淡是没什么问题，如果颜色比较深最好去医院栓查一下。2、另外，要做血HCG检查以明确怀孕。若确为怀孕且孕早期有阴道出血情况，需去医院做阴道B超检查以明确是否宫内孕，若为宫内孕还需做血HCG、孕酮检查以明确激素水平及胎儿发育情况，若为宫外孕则最好采取电子腹腔镜手术以最大限度的保留器官及功能完整性。需去医院检查以明确诊断，对症治疗。3、一般来讲，阴道分泌物中有褐色的物质，有可能是宫颈糜烂，子宫内膜不规则的少量脱落等，至于是否先兆性流产还不能确立。建议你到妇幼保健院定期产前检查，以便保证胎儿的正常。', '1、占比最大的，也是自己首先要想到的就是着床血的延迟排出。时间会发生在孕30-40天左右。2、子宫壁是有褶皱的，随着孕期的推进，子宫变大，褶皱慢慢舒展，以前残存的经血也会随着分泌物排出，颜色会比褐色更深一点。这是宝宝在打扫卫生了，宝宝需要一个干净的环境。3、宫颈炎、盆腔炎、阴道炎这些生殖系统的炎症的存在，导致部分皮肤破溃出血，血量不多。表现为局部瘙痒，分泌物异味以及褐色分泌物不多但是时有时无，持续时间长。4、孕囊和子宫内膜接触部位，因为不稳固而出现少量子宫内膜脱落的出血，B超的时候会看见积液。如果脱落过多，胚胎可能缺乏营养而造成胎停，可以结合HCG检查进行排除。这属于先兆流产迹象，孕酮一般也会比较低。', '怀孕初期出现咖啡色血丝很有可能是“着床性出血”，一般而言，从最后一次月经算起的第4-6周可能会出现这样的情形，属正常现象，不必过于担心，一般一两天后就会恢复正常。但如果血丝量持续增加且合并下腹闷痛，就有可能是先兆流产。孕中后期分泌物出现血丝，甚至有咖啡色的出血，则代表产前出血，可能是子宫颈扩张、胎盘早剥或前置胎盘等引起的，应尽快就医。']"
181655,天道留学是黑中介吗,"['天道费用算的中介里比较高，说实话也是最坑的，完全不你不管不顾，让你自身自灭。', '天道在大中介里还是不错的，擅长的几个国家是英国、美国、加拿大。']"
181656,72mbps是多少网速,['相当于500兆带宽。']
181657,全屏看视频任务栏不隐藏,"['打开任务管理器，找找里面一个WINDOWS的文件，点一下重新启动就可以。', '右键任务栏，不要锁定，或者选属性然后选不要总在最前面。', '点击下面的任务栏，右键，属性，然后在里面第一个“任务栏选项”里有选择自动隐藏任务栏，打勾就可以。']"
181658,2017年sat考试时间,"['2017.6.3。2017.8.26。2017.10.7。2017.11.4。2017.12.2。', 'SAT考试改革后，国际学生的考试时间调整为：10月、11月、12月、5月和6月。', '2017年美国留学SAT考试时间：1月21日、3月11日、5月6日、6月3日、8月26日、10月7日、11月4日、12月2日。2018年美国留学SAT考试时间：3月10日、5月5日、6月2日、8月25日、10月6日、11月3日、12月1日。']"
181659,如何查监管号,['1、打开FCA官方网站，点击网页中间Firms（机构），下面的子栏目Financial Services Register（金融服务注册）。2、点击上方红色按钮，将进入搜索页面，点击search the register将跳转到FCA监管页面。3、点击Financial Services Firm Search，将能够进入监管信息查询页面，可以通过查询监管ID和监管名称进行查询。4、点击红色链接Basic details可以查看监管的详细信息，可以看到监管地址，联系电话，网址，是否允许持有客户资金等情况。']
181660,ps怎么去除水印,"['Photoshop任意版本软件一款；修补工具去水印：首先我们选择好那张带有水印的图片拖入Photoshop中打开，并且对图片图层进行拷贝复制,或者按Ctrl+j对图层进行拷贝复制；选择修补工具，框选图片上的水印，将选区拖动到与水印位置最相似的区域，如果相似的地方比较少，就需要一点一点的把它进行修补，如果相似的地方范围较大，可随便拖拽任意位置，都可以产生出理想效果。', '图章工具去水印：1，首先同样是从Photoshop打开需要去水印的图片，并且对其图层做拷贝备份。2，选择图章工具，按住Alt键点击与水印位置较为相似的位置，松开按钮，在水印位置进行涂抹填充。3，涂抹完后，也一样产生出修补的效果。', '内容感知移动工具去水印：1，还有一种方法可能很多人没有用过，就是利用新版Photoshop CS6/CC当中的内容感知移动工具，首先打开图片，备份图层。2，选择内容感知移动工具，框选图片上的水印，把框选区域拖拽到图片的边缘外。3，效果一下子产生了。']"
181661,吃红薯会发胖吗,"['如果经常食用会的，因为红薯中含有淀粉，淀粉在人体内会转变为麦芽糖，麦芽糖是人体能量的提供者，如果摄入过多能量无法消耗，就会转变为脂肪储存，从而发胖', '根据科学研究，吃红薯是不会使人发胖的，相反红薯还是一种理想的减肥食品。它的含热量非常低，比一般米饭低得多，所以吃了之后不必担心会发胖，反而可起到减肥作用。']"
181662,王者荣耀怎么设置,"['进入游戏主界面（在游戏进行中时也可以更改操作设置），点击设置图标，进入设置界面。点击操作设置，接下来我们就可以开始设置我们所需要的操作模式了。', '施法方式也就是操作方式，总共有2种选择。自动施法，非常推荐给新手玩家，轻松简单，在释放技能时系统能帮助你自动选择方向释放技能，当然了最优先选择的目标还是玩家锁定的单位;辅助轮盘施法，熟练的玩家必选的操作方式，可以在第一时间内释放所有技能将伤害打在目标身上。选择了辅助轮盘施法，我们还能选择灵敏度和轮盘位置，达到一种随心所欲的效果，极度方便。攻击方式有2种选择，大家也很好了解。一种是优先最近单位的攻击方式，玩家如果没有选定目标就发出了进攻的命令，那么英雄就会自动攻击离他最近的目标;另外一种是优先攻击血量最少的单位，就是在一定范围内，英雄会自动锁定目前血量低的单位进行攻击。在操作设置中，设置成优先血量最少。', '我们将在个人资料交友名片的入口设置荣耀战区的选择，可以在这里选择自己专属的战区，开启某区第一的无敌之旅。当然，进入荣耀战区后在地图上方也可以设置专户的荣耀战区。']"
181663,旭日阳刚现状,"['王旭把家人接到了北京，也在北京安了家。即使成名了也依旧朴实，或许这才是最难得的。而刘刚则被曝出时常出入北京某高档小区并乘坐豪车的消息。', '旭日阳刚现状是接商演，目前出场价为20万元，两人生活条件比以前好了，抽烟的档次一般是中华，两人开着60万左右的高档轿车。不过据网友曝料，旭日阳刚组合其实的生活除了音乐，两人并没有太多交集，对外称兄道弟只是为了维护旭日阳刚这个牌子。', '目前旭日阳刚对外的商演价格都在20万左右，春晚之后档期都非常满，每个月至少有十场演出，所以按这么算下来每个成员月收入过百万绝对不是问题。']"
181664,肩袖损伤能自愈吗,"['肩周炎是可以治愈的，但是需要锻炼，不然的话。时间长了肩周炎，就很难活动了。', '一般是不可以治愈的，需要外用膏药，结合活血化瘀的药品治疗']"
181665,笑傲江湖哪个版本好看,"['看的第一版笑傲江湖就是李亚鹏版的，挺喜欢。', '笑傲江湖吕颂贤的最好，虽然情节有些改动，布景服装也一般，但他演的才是真正的令狐冲，射雕黄日华翁美玲83版最好，神雕古天乐李若彤版最好。', '个人感觉是吕颂贤版，剧情和原著差别不大，虽然TVB演员颜值和风光没有大陆的好。']"
181666,微信支付密码怎么设置,"['点击我-钱包，进入微信钱包，点击右上角的3个点，选择支付管理-修改支付密码。', '自已设置个6位数的密码。', '打开微信，登陆到个人微信首页，点击右上角的三点成条状的菜单按钮；在弹出的下拉菜单栏中，选择我的钱包；进入我的钱包页面，点击右上角三点呈条状的菜单按钮，选择支付密码；进入支付密码的设置页面，点击修改支付密码；此时需要输入目前所用的6位数字支付密码；输入正确之后直接跳到新密码的设置页面，输入6位与旧密码不同的数字；再次输入相同的新密码，点击完成就可以了。']"
181667,白云观求什么最灵验,"['什么都能求，只要是符合正确的愿望。', '心诚则灵。', '求姻缘灵的很的。']"
181668,龙之谷舞娘转什么好,"['一转只有呐喊者。二转黑暗萨满，擅长范围攻击和扇形攻击的能手，黑暗萨满特征就是，利用黑暗力量对敌人使用炫丽的技能进行战斗。所有技能都要卡莉发动，由于近战状态下与敌人战斗，所以需要操作方面方面技术。黑暗萨满技能连击强，可以造成一定程度的范围伤害。同时黑暗萨满拥有聚集很多怪后使用强力的连续技能，可以一次消灭完。在攻击上黑暗萨满表现强劲，在躲避上也毫不含糊，可以在空中使用回避移动技能。二转噬魂者，善于正面直线攻击的召唤师，噬魂者可以召唤出黑暗召唤兽后替卡莉进行战斗。噬魂者会使用“烙印”DEBUFF 技能，用烙印瞄准敌人后会发出怪物数量一样多的技能。同样的技能会按照烙印数量造成不同的伤害。噬魂者还可以召唤出黑暗狼或者可以连接次元的物体进行暗属性攻击。强大的范围技能可以造成连续伤害，并且召唤出噬魂者的 BUFF 型召唤兽“魂”后可以增加队友整体攻击伤害。无论是在单打独斗方面还是队友辅助方面，噬魂者都发挥了她的强大作用。', '2转都差不多的输出比较上次更新都加强了，只是看喜欢什么了。']"
181669,养猴子犯法吗,['猴类至少是国家二级保护动物，不允许私人饲养，个人养猴子作为宠物是违法的.']
181670,如何去掉视频中的水印,"['1.首先准备RemovelogoNow软件 ,没有的或不知道的去百度下载，准备好后打开，选择（添加文件）2.打开后选择自己需要去水印的视频。3.打开需要去水印的视频后，点击界面上方的，用来选择水印或台标。4在需要去除水印或台标的地方，用选择框框出来就可以了，不要框的太大，也不要太小，合适的尺寸就行。5.框完后点击开始，就开始去水印了6.如果视频大的话需要稍等一段时间，界面下方有进度条可以随时查看进度的；7.结束了会提示你保存文件，是否打开文件，点击打开可以看一下效果。', '方法一：把网络下载的视频导入EDIUS，如果到不进去的话，那就转格式后再导入。在PS中制作镂空的上下黑边压屏图片，让黑边的位置刚好压住网站的水印位置。EDIUS导入图片，调节图片位置，让其完全压住网站水印。', '方法二：利用EDIUS区域命令，在水印处画圈，然后添加模糊命令。5调节模糊命令的参数，让网站水印的模糊融合到背景视频里面。6调节完成后，选择合适的输出格式，输出视频。']"
181671,促进伤口愈合的食物,"['1、含维生素C的食物。2、含维生素A食物。3、含葡萄糖的食物。4、含蛋白质丰富的食物。5、含锌的食物。', '一、吃一些含锌量丰富的食物能够促进伤口愈合，锌可与维生素C结合，参与体内胶原蛋白的合成，增加抵抗力，促进伤口愈合。含锌的食品有玉米、黄豆、萝卜、蘑菇、坚果、动物肝脏、木耳、海带、蛋、肉类、全谷类、坚果类。二、吃一些含有葡萄糖丰富的食物能够促进伤口愈合，糖是人体主要的供能者，供给充足的能量是伤口愈合不可缺少的。在伤口愈合期可多吃含糖丰富的水果，既增加糖分，又能摄取足量的维生素。 含有葡萄糖丰富的食物蜂蜜、龙眼肉、红枣、葡萄、西瓜、青木瓜、猕猴桃 、胡萝卜等。三、吃一些含有蛋白质丰富的食物能够促进伤口愈合，蛋白质能促进伤口愈合，减少感染机会。含蛋白质丰富的食物有各种瘦肉、牛奶、蛋类等。四、吃一些含有维生素A丰富的食物能够促进伤口愈合，维生素A在细胞分化、上皮成纤维细胞增殖以及胶原蛋白合成中都起重要作用。维生素A缺乏将妨碍手术伤口的愈合。同时，维生素A也是一种抗氧化营养素，能发挥美白皮肤的作用。维生素A含量丰富的食物包括动物肝脏、鸡蛋黄、牛奶等。五、吃一些含有维生素C丰富的食物能够促进伤口愈合，生素C作为还原剂，还可以减少黑色素的形成，甚至可以将已经生成的黑色素还原成无色物质，具有较好的美白作用。因此，在手术伤口愈合期间可以多吃一些维生素C含量丰富的水果蔬菜，如橙子、猕猴桃、柠檬、大枣等。', '一、鲈鱼。二、猪蹄。三、海带。四、木耳。五、乳鸽。六、西红柿。七、蜂蜜。八、黑豆。九、苦瓜。十、虹鳟鱼。十一、锌。十二、葡萄糖。十三、蛋白质。十四、维生素A。十五、维生素C。']"